fname,email
abin,abin@gmail.com
devin,devin@gmail.com
jesiica,jessica@gmail.com
afith,afitha@gmail.com
ashna,ashna@gmail.com
melbin,melbin@gmail.com
athisruth,athisruth@gmail.com
amith,amith@gmail.com
athul,athul@gmail.com
david,david@gmail.com
